{"_type":"export","__export_format":4,"__export_date":"2025-03-06T21:09:29.635Z","__export_source":"insomnia.desktop.app:v10.3.0","resources":[{"_id":"req_f01a745d8a214169a167ae33f554ca67","parentId":"wrk_1b5771e4fdac40a0a9ec8b3e46835394","modified":1741295234045,"created":1741295064087,"url":"localhost:7046/todo","name":"Get All Todo","description":"","method":"GET","body":{},"parameters":[],"headers":[{"name":"User-Agent","value":"insomnia/10.3.0"}],"authentication":{},"metaSortKey":-1741295183639,"isPrivate":false,"pathParameters":[],"settingStoreCookies":true,"settingSendCookies":true,"settingDisableRenderRequestBody":false,"settingEncodeUrl":true,"settingRebuildPath":true,"settingFollowRedirects":"global","_type":"request"},{"_id":"wrk_1b5771e4fdac40a0a9ec8b3e46835394","parentId":null,"modified":1741295059119,"created":1741295059119,"name":"UniTodo","description":"","scope":"collection","_type":"workspace"},{"_id":"req_537fd94a34494f05a5a4185ecb3060c9","parentId":"wrk_1b5771e4fdac40a0a9ec8b3e46835394","modified":1741295232620,"created":1741295111334,"url":"localhost:7046/todo","name":"Create Todo","description":"","method":"POST","body":{"mimeType":"application/json","text":"{\n\t\"name\": \"My new todo\"\n}"},"parameters":[],"headers":[{"name":"Content-Type","value":"application/json"},{"name":"User-Agent","value":"insomnia/10.3.0"}],"authentication":{},"metaSortKey":-1741295183539,"isPrivate":false,"pathParameters":[],"settingStoreCookies":true,"settingSendCookies":true,"settingDisableRenderRequestBody":false,"settingEncodeUrl":true,"settingRebuildPath":true,"settingFollowRedirects":"global","_type":"request"},{"_id":"req_dee10c5e014649ec90e17b77813176d0","parentId":"wrk_1b5771e4fdac40a0a9ec8b3e46835394","modified":1741295282706,"created":1741295183439,"url":"localhost:7046/todo","name":"Update Todo","description":"","method":"PATCH","body":{"mimeType":"application/json","text":"{\n\t\"id\": 3,\n\t\"name\": \"My new todo\",\n\t\"done\": false\n}"},"parameters":[],"headers":[{"name":"Content-Type","value":"application/json"},{"name":"User-Agent","value":"insomnia/10.3.0"}],"authentication":{},"metaSortKey":-1741295183439,"isPrivate":false,"pathParameters":[],"settingStoreCookies":true,"settingSendCookies":true,"settingDisableRenderRequestBody":false,"settingEncodeUrl":true,"settingRebuildPath":true,"settingFollowRedirects":"global","_type":"request"},{"_id":"req_8f18e096ffbe47cebff638c23b17f10f","parentId":"wrk_1b5771e4fdac40a0a9ec8b3e46835394","modified":1741295330793,"created":1741295291893,"url":"localhost:7046/todo/4","name":"Delete Todo","description":"","method":"DELETE","body":{},"parameters":[],"headers":[{"name":"User-Agent","value":"insomnia/10.3.0"}],"authentication":{},"metaSortKey":-1741295183339,"isPrivate":false,"pathParameters":[],"settingStoreCookies":true,"settingSendCookies":true,"settingDisableRenderRequestBody":false,"settingEncodeUrl":true,"settingRebuildPath":true,"settingFollowRedirects":"global","_type":"request"},{"_id":"env_63cce1be229f8f2f5ae60263a9093d12e00e2257","parentId":"wrk_1b5771e4fdac40a0a9ec8b3e46835394","modified":1741295059120,"created":1741295059120,"name":"Base Environment","data":{},"dataPropertyOrder":null,"color":null,"isPrivate":false,"metaSortKey":1741295059120,"environmentType":"kv","_type":"environment"},{"_id":"jar_63cce1be229f8f2f5ae60263a9093d12e00e2257","parentId":"wrk_1b5771e4fdac40a0a9ec8b3e46835394","modified":1741295059121,"created":1741295059121,"name":"Default Jar","cookies":[],"_type":"cookie_jar"}]}